name	element	base_type	base_c	re_atom_energy	binding_energy	base_energy	o	h	c	n	f	s	co2	cho	co	cooh	n2	n2h	no	noh	oh	h2o
3_1_la	la	1	-598.36223	-0.64194	-11.01026	-610.01443	-618.32746	-613.96994	-616.46695	-617.90415	-614.43251	-615.13113	-633.22737	-627.52868	-625.46215	-634.89501	-626.77967	-629.18864	-624.14848	-627.74431	-620.78137	-624.46239
3_1_ce	ce	1	-598.36223	-1.30376	-10.56329	-610.22928	-618.60427	-614.25669	-617.0837135	-618.2813687	-614.7675724	-615.4633102	-633.42749	-627.6011499	-626.445012	-635.1367184	-627.2416307	-629.5081651	-624.3981574	-628.3017972	-621.224011	-624.9141505
3_1_pr	pr	1	-598.36223	-2.79068	-9.73905	-610.89196	-619.24811	-614.8651309	-617.14584	-618.9926028	-615.5846132	-616.0879479	-634.0691438	-628.01398	-626.993576	-635.7821431	-627.7359926	-629.5937637	-625.3451456	-629.0560516	-622.088498	-625.7712776
3-1-nd	nd	1	-598.36223	-4.42155	-9.11684	-611.90062	-620.35712	-615.8605325	-618.4576657	-620.02597	-616.7386438	-617.0956886	-635.0169778	-629.4654174	-627.4671	-636.8087422	-628.70464	-630.1728895	-626.5628243	-630.1733845	-623.2564325	-626.9420656
3-1-sm	sm	1	-598.36223	-8.6783	-7.44143	-614.48196	-623.08705	-618.3624479	-620.6653516	-623.1633729	-619.7388	-619.6365014	-637.3856697	-632.2882123	-630.264307	-639.26869	-631.0947043	-631.5558232	-629.6756161	-632.9963711	-626.2321764	-629.9258939
3-11eu	eu	1	-598.36223	-8.39244	-6.98076	-613.73543	-621.97119	-617.5352745	-619.7863418	-622.0693726	-618.9123226	-618.7716299	-636.4796813	-631.4691123	-629.3797592	-638.5369783	-630.41719	-630.4261997	-629.0617463	-632.1666253	-625.5449137	-629.2191275
3-1-gd	gd	1	-598.36223	-10.37866	-9.88834	-618.62923	-627.34505	-622.3323629	-624.8884133	-628.1894602	-623.2560878	-624.09357	-641.4941559	-636.1884288	-634.2921557	-643.5090744	-636.0376245	-637.17326	-632.4352584	-636.7602705	-629.3906434	-633.33841
3-1-tb	tb	1	-598.36223	-8.57675	-8.81739	-615.75637	-625.20385	-619.9791149	-622.3187217	-625.1800471	-620.9182069	-621.1968625	-639.40476	-633.6910682	-632.26708	-640.9421148	-633.1895116	-633.9430073	-630.5479562	-634.424858	-627.3002845	-631.0377634
3-1-dy	dy	1	-598.36223	-7.25458	-8.74051	-614.35732	-623.34519	-618.4207353	-620.8585858	-623.3017154	-619.4066843	-619.6711355	-637.5415895	-632.73181	-630.4067447	-639.4077313	-631.4651232	-632.4159582	-629.1452218	-632.7076	-625.8541429	-629.5704761
3-1-ho	ho	1	-598.36223	-6.05906	-8.36438	-612.78567	-620.29933	-616.3806423	-618.8597423	-620.6588106	-617.4424167	-617.6288757	-635.3471954	-630.1142242	-628.78075	-637.3511492	-628.9476395	-630.0990579	-627.3484619	-630.7250831	-624.068	-627.6880296
3-1-er	er	1	-598.36223	-5.17143	-6.52656	-610.06022	-620.0361	-614.7645268	-616.8940377	-618.7067374	-616.0028188	-615.7492474	-633.8281876	-628.443611	-626.753462	-635.531838	-627.0089683	-627.5563455	-626.5454851	-629.408372	-622.8772417	-626.4039457
3-1-tm	tm	1	-598.36223	-4.35124	-6.7716	-609.48507	-618.85858	-613.9966514	-616.1951941	-617.7284494	-615.1815785	-614.9889666	-633.0225035	-627.6349394	-625.9668169	-634.7569415	-626.78272	-626.9180176	-625.7018287	-628.5446264	-622.0500329	-625.587723
3-1-yb	yb	1	-598	-0.03756	-6.24	-604.637	-613.24558	-609.1503339	-611.6129978	-611.6923994	-610.214992	-609.8315436	-628.134881	-622.5166756	-621.2017621	-629.6187151	-620.3158445	-621.5252542	-621.1096941	-623.5281645	-617.4107088	-620.7948784
3-1-lu	lu	1	-598.36223	-0.18616	-10.04083	-608.58922	-617.83561	-613.02836	-615.7798065	-616.8128643	-613.5692573	-614.1395944	-632.354803	-626.3202268	-625.295333	-633.8290226	-625.8796177	-628.0710363	-623.63121	-627.1575076	-620.1656012	-623.7781961
3_2_la	la	2	-596.80908	-0.64194	-12.28502	-609.73604	-617.99668	-614.2131002	-618.85412	-618.2411439	-614.0300326	-614.8359078	-633.3903534	-626.9751072	-626.6010703	-634.7906166	-625.9620239	-628.6861478	-622.865803	-627.43734	-620.4310149	-624.1366738
3_2_ce	ce	2	-596.80908	-1.30376	-11.84098	-609.95382	-618.06666	-614.3656984	-618.7589524	-618.25722	-614.2867329	-614.9898482	-633.49307	-627.193309	-626.7060421	-634.9536521	-626.0091112	-628.5445684	-623.2000306	-628.0337826	-620.79427	-624.4200685
3_2_pr	pr	2	-596.80908	-2.79068	-11.035	-610.63476	-618.97708	-615.0884233	-619.3535984	-619.2555792	-615.20524	-615.7162455	-634.1820432	-628.0448343	-627.3850433	-635.7033783	-626.6600726	-628.7675056	-624.2451709	-628.9135369	-621.682324	-625.3711987
3-2-nd	nd	2	-596.80908	-4.42155	-9.28836	-610.51899	-619.02993	-615.047711	-619.0580195	-619.1079873	-615.5162377	-615.6220411	-634.0297885	-628.1877317	-627.2419542	-635.650166	-626.2333945	-627.6532972	-624.9469762	-629.1181242	-622.1705133	-625.8027804
3-2-sm	sm	2	-596.80908	-8.6783	-8.9468	-614.43418	-622.97996	-618.7511717	-622.6508159	-623.6577563	-619.4360035	-619.82424	-637.6879817	-632.1509684	-630.8415845	-639.509382	-630.260434	-631.0305124	-628.6599277	-633.0093126	-625.940887	-629.6527174
3-2-eu	eu	2	-596.80908	-8.39244	-2.70666	-607.90818	-616.74216	-612.6921729	-615.8249001	-615.8558164	-614.4604914	-613.0333403	-631.18149	-626.4466749	-624.558541	-633.2044546	-622.1884326	-621.3323309	-625.5048765	-627.6241939	-621.8694269	-625.2472999
3-2-gd	gd	2	-596.80908	-10.37866	-11.24256	-618.4303	-626.93333	-622.5400332	-628.03127	-628.416538	-622.8509204	-623.4058537	-641.5717717	-635.81804	-634.6509639	-643.418288	-634.9288578	-636.0823805	-631.2916807	-636.5783424	-628.9498234	-632.8194319
3-2-tb	tb	2	-596.80908	-8.57675	-10.80037	-616.1862	-624.79927	-620.437232	-624.5563191	-626.56052	-620.7835356	-621.2365753	-639.491271	-633.7112942	-632.6053982	-641.2521817	-632.5456874	-633.8083947	-629.482851	-634.4944315	-627.0309593	-630.8332915
3-2-dy	dy	2	-596.80908	-7.25458	-10.22832	-614.29198	-622.81252	-618.6171503	-622.6898438	-623.555009	-618.92183	-619.338894	-637.6335222	-631.8528091	-630.7819622	-639.98803	-630.3893509	-631.6840552	-627.9742383	-632.6808071	-625.4059727	-629.1512697
3-2-ho	ho	2	-596.80908	-6.05906	-9.61959	-612.48773	-620.65468	-616.7620668	-620.814953	-621.2311115	-617.2573231	-617.4407204	-635.73413	-629.9992546	-628.9208112	-637.4644647	-628.1783376	-629.5041354	-626.4690166	-630.8444178	-623.7828483	-627.4796685
3-2-er	er	2	-596.80908	-5.17143	-9.10729	-611.0878	-619.65404	-615.6327685	-619.5782896	-619.7882235	-616.1306821	-615.57297	-634.5756938	-628.7958095	-627.7791767	-636.2284611	-626.8156073	-629.65238	-625.5606446	-629.724024	-622.7765782	-626.4152638
3-2-tm	tm	2	-596.80908	-4.35124	-8.60015	-609.76047	-618.51705	-614.3652708	-618.3402635	-618.3175619	-615.0026288	-614.9473077	-633.10095	-627.5929274	-626.6101273	-634.9910972	-625.4175635	-626.6424831	-624.51338	-628.5811835	-621.7617568	-625.3501415
3-2-yb	yb	2	-596.80908	-0.03756	-8.02843	-604.87507	-613.20435	-609.6797616	-613.5901533	-612.3744272	-610.1912661	-610.0089877	-628.5703759	-622.6312659	-621.8802309	-630.0430968	-619.9598989	-621.6407073	-620.2959246	-623.6942349	-617.2260174	-620.69813
3-2-lu	lu	2	-596.80908	-0.18616	-11.52907	-608.52431	-617.21857	-613.3074367	-617.5833672	-617.0210363	-613.1510205	-613.779271	-632.40712	-625.9994729	-627.02767	-633.751726	-624.7588366	-627.3024492	-622.2447434	-626.9374063	-619.49832	-623.3314032
3_3_la	la	3	-597.14139	-0.64194	-11.94406	-609.72739	-617.88355	-614.0808696	-618.6580047	-618.1748678	-613.9848864	-614.8364531	-633.0889608	-626.9425771	-626.4159879	-634.83067	-625.8905597	-628.4387026	-622.9577908	-627.7540806	-620.3520112	-624.1365872
3_3_ce	ce	3	-597.14139	-1.30376	-12.10731	-610.55246	-618.97432	-614.9289061	-619.5338126	-619.2867143	-614.8495269	-615.7369671	-633.9985185	-627.8389712	-627.3067371	-635.8848851	-625.33848	-629.4099995	-623.7327333	-628.6560109	-621.1667618	-624.9672759
3_3_pr	pr	3	-597.14139	-2.79068	-11.43703	-611.3691	-619.20837	-615.5468977	-620.0035855	-619.8826094	-615.5920849	-616.3260809	-634.4406281	-628.5330418	-627.7517756	-636.4853063	-627.3185113	-629.98346	-624.5508151	-629.2892393	-621.9260994	-625.80508
3-3-nd	nd	3	-597.14139	-4.42155	-10.84949	-612.41243	-620.76026	-616.69041	-621.0573413	-621.3342977	-616.91233	-617.5057574	-635.6161614	-629.816875	-628.905018	-637.6879317	-628.547163	-630.2953399	-626.88464	-630.616782	-623.2616975	-627.071829
3-3-sm	sm	3	-597.14139	-8.6783	-9.77603	-615.59572	-623.85129	-619.603238	-623.39782	-624.921348	-620.2263523	-620.5677911	-638.4772863	-633.0895919	-631.7257385	-640.7846193	-631.575997	-632.4948117	-629.2475066	-633.32759	-626.5282881	-630.3842186
3-3-eu	eu	3	-597.14139	-8.39244	-9.04173	-614.57556	-622.66454	-618.6112657	-622.7235978	-623.15222	-619.3252106	-619.4973421	-637.3914935	-632.0978292	-630.6633032	-639.725137	-630.2552076	-631.0350792	-628.5750899	-632.8684683	-625.8229	-629.5587549
3-3-gd	gd	3	-597.14139	-10.37866	-11.27776	-618.79781	-627.0131	-622.6767352	-626.9918411	-628.7112412	-623.19975	-623.721099	-641.5626337	-636.1025517	-634.7536429	-643.9150922	-635.236881	-636.330769	-631.4985066	-636.7419295	-629.0408602	-633.0138968
3-3-tb	tb	3	-597.14139	-8.57675	-10.91801	-616.63615	-624.8819	-620.6235223	-624.9480006	-626.1933876	-621.0008372	-621.6075381	-639.5275689	-633.9944328	-632.7532957	-641.8022132	-632.9157051	-634.1480935	-629.7006583	-634.6918479	-627.1451695	-631.0574367
3-3-dy	dy	3	-597.14139	-7.25458	-10.38019	-614.77616	-622.98266	-618.8591288	-623.1357305	-623.9781133	-619.2789299	-619.85876	-637.7294532	-632.184414	-630.9877221	-639.9616713	-630.8314824	-632.0996805	-628.2276745	-632.9305732	-625.5606687	-629.2525
3-3-ho	ho	3	-597.14139	-6.05906	-9.96026	-613.16071	-621.46034	-617.47877	-621.6105651	-622.1253739	-617.8169331	-618.20292	-636.48822	-630.6503994	-629.5149281	-638.4073163	-629.1003325	-630.4058522	-626.9739814	-631.4507474	-624.2154981	-628.01926
3-3-er	er	3	-597.14139	-5.17143	-9.61996	-611.93278	-620.22264	-616.1824994	-619.88099	-620.672458	-616.6825618	-616.9902858	-635.0527457	-629.16153	-628.3575925	-637.1978249	-627.7363898	-629.0697866	-626.0010501	-630.2930971	-623.1706839	-626.9368848
3-3-tm	tm	3	-597.14139	-4.35124	-9.33035	-610.82298	-619.0374	-615.1252716	-619.3273389	-619.3245274	-615.6307483	-615.8723002	-633.9575087	-628.35792	-626.65952	-636.0814994	-626.4719534	-627.8440503	-625.0900732	-629.214762	-622.1970594	-625.9317354
3-3-yb	yb	3	-597.14139	-0.03756	-8.31953	-605.49848	-613.67627	-610.1238668	-614.2385342	-613.0551544	-610.51801	-610.6260509	-628.8832828	-623.1415017	-622.2968186	-630.52311	-620.666254	-622.34131	-620.6747854	-624.1328979	-617.5260222	-621.1107245
3-3-lu	lu	3	-597.14139	-0.18616	-11.25011	-608.57766	-616.6859	-613.0433497	-617.4793627	-616.7713091	-612.9888531	-613.6799352	-631.9407456	-625.8572482	-625.2905582	-633.8364417	-625.44072	-626.9379767	-622.1932144	-626.7051592	-619.4750326	-623.2150084
4_1_la	la	4	-598.42942	-0.64194	-11.33498	-610.40634	-618.82751	-614.5150814	-618.4787557	-618.8515536	-614.6839504	-615.76222	-633.3393265	-627.6875729	-626.6802947	-636.0060003	-627.2649857	-629.05367	-624.0734305	-628.3753265	-620.9390838	-624.8562438
4_1_ce	ce	4	-598.42942	-1.30376	-10.86885	-610.60203	-619.07247	-614.7682625	-618.6113142	-619.0778641	-614.9910642	-615.9253178	-633.8029	-627.9535703	-626.8527287	-636.2159085	-627.3898734	-629.4397196	-622.81381	-628.6533723	-621.2823135	-625.1894616
4_1_pr	pr	4	-598.42942	-2.79068	-9.55589	-610.77599	-619.3528	-614.9165199	-618.6242654	-619.259335	-615.4754575	-616.1031305	-633.633158	-627.11011	-626.9763073	-636.4252396	-627.3305482	-628.8314023	-625.2251264	-629.93399	-621.8855159	-625.7567092
4-1-nd	nd	4	-598.42942	-4.42155	-9.19761	-612.04858	-620.76956	-616.174003	-619.8015955	-620.7950063	-616.8472364	-617.3896449	-634.8674714	-629.6768398	-627.91863	-637.7261132	-628.6547372	-629.8343467	-626.585432	-630.4114351	-623.27477	-627.1206798
4-1-sm	sm	4	-598.42942	-8.6783	-8.43411	-615.54183	-623.83734	-619.1867431	-622.7914531	-624.5814302	-620.2854519	-620.6497336	-637.8833688	-633.1097666	-631.165848	-640.48033	-631.8983931	-632.3621554	-629.9299071	-633.7444995	-626.5759605	-630.5334838
4-11eu	eu	4	-598.42942	-8.39244	-3.38923	-610.21109	-617.42917	-613.8272731	-616.7871477	-617.5048619	-615.7612519	-614.9606557	-632.0265449	-627.9956962	-625.4424869	-635.404198	-623.46839	-623.8945547	-626.8578258	-628.7558604	-622.7647412	-626.4887471
4-1-gd	gd	4	-598.42942	-10.37866	-10.06151	-618.86959	-627.6062	-622.6131186	-626.2499983	-628.7840007	-623.3523421	-624.0906171	-641.322611	-636.3982921	-634.5355829	-644.4323605	-635.9775492	-636.6027088	-632.75428	-636.9676841	-629.3393448	-633.72951
4-1-tb	tb	4	-598.42942	-8.57675	-9.61878	-616.62495	-625.46063	-620.61538	-624.1404197	-626.2016867	-621.2807915	-621.9171101	-639.2363857	-634.2402473	-632.4845177	-642.2619083	-633.5877995	-634.3230645	-630.6015304	-634.8784526	-627.4162203	-631.4164262
4-1-dy	dy	4	-598.42942	-7.25458	-9.03283	-614.71683	-623.4833	-618.7575902	-621.85494	-623.9114756	-619.5116639	-620.0133638	-637.3756525	-632.3774397	-630.6579413	-640.3637078	-631.4263299	-632.18769	-629.0946302	-634.65977	-625.7908669	-629.7326554
4-1-ho	ho	4	-598.42942	-6.05906	-8.59196	-613.08044	-622.07606	-617.271147	-620.764519	-622.08842	-618.0800893	-618.4790535	-635.9205111	-630.8713806	-629.2260993	-638.8361173	-629.7416451	-630.5216658	-627.879829	-631.6264858	-624.76098	-628.3663307
4-1-er	er	4	-598.42942	-5.17143	-8.13755	-611.7384	-619.45811	-615.5170717	-619.0333954	-619.832471	-616.63828	-616.7265506	-634.0292232	-629.1468105	-627.3829845	-637.074195	-627.5525401	-628.4531402	-626.3963413	-629.8113166	-622.9122443	-626.7904218
4-1-tm	tm	4	-598.42942	-4.35124	-7.97872	-610.75938	-619.3977	-614.9410846	-618.4087339	-619.1794271	-615.8136755	-616.0736265	-633.5351461	-628.5006841	-626.8869916	-636.432012	-626.9882779	-627.8655946	-625.9060021	-629.2837482	-622.3759329	-626.2006491
4-1-yb	yb	4	-598.42942	-0.03756	-7.50194	-605.96892	-614.46782	-610.3844883	-613.8554848	-613.5072618	-611.1736856	-611.17546	-628.9501679	-623.7213123	-622.3810209	-631.6773311	-621.8058917	-623.1361046	-621.7103986	-624.6041633	-618.0025772	-621.7075864
4-1-lu	lu	4	-598.42942	-0.18616	-10.09251	-608.70809	-617.90924	-613.16248	-616.9898688	-617.223414	-613.5495989	-614.3003121	-631.9969	-626.4001184	-625.3891215	-634.6101045	-625.6297097	-627.5515174	-623.3431926	-627.2337307	-620.0146131	-623.8352863
4_2_la	la	5	-598.27087	-0.64194	-11.4839	-610.39671	-618.63085	-614.5428524	-619.05439	-618.8917235	-614.563796	-615.6589143	-633.1598342	-628.05123	-626.6600556	-636.1526664	-626.9559673	-629.1811693	-623.8475276	-628.2923689	-620.7768599	-624.7602936
4_2_ce	ce	5	-598.27087	-1.30376	-10.99613	-610.57076	-618.71191	-614.6052768	-619.0288115	-618.86111	-614.8056418	-615.7875351	-633.2443987	-627.8019662	-626.08961	-636.2918497	-626.9769371	-628.9967021	-624.1804641	-628.4891414	-621.055674	-625.0320857
4_2_pr	pr	5	-598.27087	-2.79068	-10.2055	-611.26705	-619.07704	-615.1361203	-619.4536835	-619.599198	-615.01371	-616.3407862	-633.6840558	-628.4755285	-627.1870158	-636.7558	-627.3462224	-628.9962791	-625.031196	-629.133	-621.8295412	-625.8093048
4-2-nd	nd	5	-598.27087	-4.42155	-9.55422	-612.24664	-619.58955	-615.9399399	-620.1155047	-620.4478252	-616.4793882	-617.1286592	-634.3346348	-629.3696939	-627.8356629	-637.6622999	-629.0036	-629.2809727	-626.0306725	-629.9741701	-622.7763911	-626.7738608
4-2-sm	sm	5	-598.27087	-8.6783	-8.63061	-615.57978	-623.85465	-619.3664737	-623.3852711	-624.7693038	-620.2587446	-620.63697	-637.830372	-633.1248081	-631.2678456	-641.2623409	-631.7392139	-631.59974	-629.7867603	-633.7752776	-626.5030242	-630.5244628
4-2eu	eu	5	-598.27087	-8.39244	-8.0502	-614.71351	-623.08565	-618.7813285	-622.5334537	-623.7801606	-619.566051	-619.8571986	-637.81711	-632.3592488	-630.4765606	-640.4456785	-630.7556989	-631.0534769	-628.92188	-633.0521497	-625.9076055	-629.8899821
4-2-gd	gd	5	-598.27087	-10.37866	-10.39765	-619.04718	-627.53702	-622.7513421	-626.9176951	-629.0207756	-623.3555931	-624.1895271	-641.3034407	-636.90964	-634.6728168	-644.7419906	-635.8743134	-636.5161471	-632.2571486	-637.0035	-629.2730046	-633.4177655
4-2-tb	tb	5	-598.27087	-8.57675	-9.94338	-616.791	-625.32657	-620.6847629	-624.7780959	-626.3956486	-621.2569383	-621.9865409	-639.1804034	-634.2730696	-632.59235	-642.5416577	-633.4412468	-634.1953264	-630.4193663	-634.8926583	-627.3235821	-631.4023008
4-2-dy	dy	5	-598.27087	-7.25458	-9.31483	-614.84028	-623.58343	-618.8747833	-622.9509946	-624.2023783	-619.5497259	-620.1332412	-637.4074908	-632.4671591	-630.842994	-640.6979319	-631.3743443	-632.1165484	-628.9916134	-633.1648144	-625.68555	-629.7806681
4-2-ho	ho	5	-598.27087	-6.05906	-8.97272	-613.30265	-622.06622	-617.4435521	-621.4847015	-622.4055874	-618.1226529	-618.6275513	-635.9532262	-630.9771076	-629.4139758	-639.1946597	-629.7030095	-630.5099747	-627.7491538	-631.7179917	-624.4480812	-628.4126207
4-2-er	er	5	-598.27087	-5.17143	-7.40669	-610.84899	-619.26457	-614.864099	-618.8758579	-619.2729025	-615.9309636	-616.0749566	-633.3807374	-628.5867261	-626.8954173	-636.6645356	-626.6000033	-623.43156	-626.065356	-629.3822678	-622.5147472	-626.40967
4-2-tm	tm	5	-598.27087	-4.35124	-8.18834	-610.81045	-619.27684	-615.22439	-618.9663151	-619.301894	-615.7453172	-616.0711269	-633.4239117	-628.4756394	-626.9334156	-636.6435041	-626.7644947	-627.6180744	-625.39426	-629.2583989	-622.2571202	-626.150779
4-2-yb	yb	5	-598.27087	-0.03756	-7.55373	-605.86216	-614.34344	-610.3837196	-614.92714	-613.5199413	-611.0368371	-611.2185671	-628.7528706	-623.6094424	-622.3417602	-631.7876009	-621.4644714	-622.7146335	-621.4987854	-624.5149159	-617.8400985	-621.6015367
4-2-lu	lu	5	-598.27087	-0.18616	-10.6426	-609.09963	-617.99316	-613.5625488	-617.8655919	-617.93765	-613.6964111	-614.5928019	-632.1972757	-626.6297385	-625.7096707	-635.1085462	-625.7656223	-627.7660775	-623.2667048	-627.4337183	-620.03524	-623.9714311
4_3_la	la	6	-599.37063	-0.64194	-10.51457	-610.52714	-618.84828	-614.4213497	-618.3450375	-618.8606868	-614.94241	-615.9256918	-632.8358436	-627.794376	-626.3810723	-636.5706485	-627.4642073	-629.3279977	-624.5251066	-628.3842089	-620.9364222	-625.0237764
4_3_ce	ce	6	-599.37063	-1.30376	-9.92242	-610.59681	-619.08872	-614.5350488	-618.3835062	-618.998417	-615.0147797	-616.0385724	-632.9398609	-627.9904634	-626.484317	-636.6991407	-627.494249	-629.0996998	-624.9028068	-628.6104765	-621.2441753	-625.3115755
4_3_pr	pr	6	-599.37063	-2.79068	-9.1796	-611.34091	-619.12434	-614.9347371	-618.7340984	-619.4379107	-615.658563	-616.55723	-633.2494666	-628.5773903	-626.8008569	-637.1845763	-627.7215814	-629.0063955	-625.6407126	-629.1270064	-621.913075	-625.47302
4-3-nd	nd	6	-599.37063	-4.42155	-8.59432	-612.3865	-620.76608	-615.33523	-619.8193474	-620.9395093	-617.010494	-617.7241758	-632.6039	-629.8931456	-627.9959877	-638.4198888	-629.0001585	-629.8604569	-627.0545903	-630.4953103	-623.2814055	-627.3559324
4-3-sm	sm	6	-599.37063	-8.6783	-7.71155	-615.76048	-624.02359	-619.2612163	-622.34599	-624.74653	-620.4627363	-620.9688391	-637.5103631	-633.26236	-630.9936894	-641.6953054	-632.2582708	-632.3415353	-630.4529552	-633.8654559	-626.6587563	-630.7895298
4-3eu	eu	6	-599.37063	-8.39244	-2.5981	-610.36117	-617.40455	-613.7169325	-616.6598713	-617.41274	-615.8372006	-615.1633174	-631.5172832	-628.1028768	-624.73727	-635.9716081	-624.8077331	-623.7061743	-627.2966996	-628.7561664	-622.753718	-626.6515655
4-3-gd	gd	6	-599.37063	-10.37866	-9.30986	-619.05915	-627.73177	-622.5752579	-626.2015959	-628.8965512	-623.72843	-624.369999	-640.9053919	-636.5782008	-634.3204492	-645.52525	-636.2834958	-636.5235918	-632.9122643	-637.050226	-629.3926287	-633.6324951
4-3-tb	tb	6	-599.37063	-8.57675	-8.45275	-616.40013	-625.54853	-620.2397831	-623.7750577	-626.0106894	-621.2353858	-621.9085993	-638.5797841	-634.1824858	-632.031548	-642.6309305	-633.78832	-633.7747235	-631.0356454	-634.780617	-627.3446956	-631.4855382
4-3-dy	dy	6	-599.37063	-7.25458	-8.26359	-614.8888	-623.65245	-618.7367859	-622.2200033	-624.0354602	-619.6632006	-620.33735	-636.9696086	-632.5626943	-630.453169	-641.0123918	-631.7427881	-633.96597	-629.6058885	-633.1584503	-625.8550062	-629.9668063
4-3-ho	ho	6	-599.37063	-6.05906	-7.85818	-613.28787	-621.21696	-616.846786	-620.4023075	-621.7010959	-617.895154	-618.4392313	-635.0635	-630.7245857	-628.5746245	-639.1495815	-629.5317261	-630.0284532	-628.32567	-631.2791638	-624.1872405	-628.2748096
4-3-er	er	6	-599.37063	-5.17143	-7.2745	-611.81656	-619.5525	-615.365139	-618.8927928	-619.8520845	-616.5111022	-616.9214582	-633.5377069	-629.80054	-627.0943792	-637.6374369	-627.7600404	-628.2386081	-626.8693674	-628.88852	-622.9244479	-626.9672917
4-3-tm	tm	6	-599.37063	-4.35124	-7.08591	-610.80778	-619.20864	-614.6902161	-618.1521527	-619.0261181	-615.7900488	-616.1534641	-632.8938503	-628.4965249	-626.69699	-636.8777977	-627.0216824	-627.4937333	-626.2734159	-629.170929	-621.98926	-626.2739608
4-3-yb	yb	6	-599.37063	-0.03756	-6.67344	-606.08163	-614.54402	-610.281701	-613.7342272	-613.5407022	-611.268176	-611.5388187	-628.4685368	-623.8426634	-622.1025871	-632.2561356	-622.0289578	-622.9513019	-622.1810485	-624.6344461	-618.0175604	-621.8905212
4-3-lu	lu	6	-599.37063	-0.18616	-9.58144	-609.13823	-618.10388	-613.348263	-617.1411578	-617.5376047	-613.8199152	-614.762708	-631.7737825	-626.7341383	-625.3334423	-635.4312267	-626.11087	-627.7656068	-623.8947911	-627.4419395	-620.157234	-624.1678198
5-la	la	7	-600.32923	-0.64194	-10.06007	-611.03124	-619.31044	-614.6302654	-618.2307197	-619.2605614	-615.1918249	-616.511407	-632.8738049	-628.2649686	-626.4704247	-637.3061896	-628.322748	-629.8784	-625.2531396	-628.7394342	-621.2686194	-625.5265
5-ce	ce	7	-600.32923	-1.30376	-9.54768	-611.18067	-619.52827	-614.99218	-618.3202823	-619.4406447	-615.4699404	-616.6696613	-633.0097962	-628.4966013	-626.6059271	-637.477351	-628.3991361	-629.8218306	-625.6323305	-628.987171	-621.5897193	-625.7865806
5-pr	pr	7	-600.32923	-2.79068	-8.27108	-611.39099	-619.75855	-614.9817795	-618.17086	-619.6200299	-615.9527213	-616.8547958	-633.1258925	-628.8604558	-626.7262153	-637.6923087	-628.3395887	-629.2311897	-626.3758616	-629.17281	-622.1847964	-626.3500502
5-nd	nd	7	-600.32923	-4.42155	-8.08989	-612.84067	-621.13347	-616.3377876	-619.6368788	-621.2945	-617.3856913	-618.2448638	-634.4351459	-630.3042744	-628.0158255	-639.0908285	-629.7711715	-630.409148	-627.7424861	-630.7887637	-623.66848	-627.7620029
5-sm	sm	7	-600.32923	-8.6783	-7.55757	-616.5651	-624.88094	-619.8504909	-623.0222648	-625.5645672	-621.45488	-621.8870304	-637.8956659	-634.0948224	-631.4221002	-642.7587205	-633.5494989	-633.4887917	-631.3595037	-634.5147291	-627.2129974	-631.4788464
5-eu	eu	7	-600.32923	-8.39244	-1.16217	-609.88384	-618.20788	-613.5571678	-615.9377581	-617.4221952	-615.9643391	-615.2118874	-631.1915443	-628.1576002	-624.859248	-636.2040141	-625.1298119	-623.4293428	-628.0290506	-628.8751541	-622.9441967	-626.876212
5-gd	gd	7	-600.32923	-10.37866	-8.78577	-619.49366	-628.02624	-622.6807033	-625.9804713	-629.1585881	-623.8383588	-624.8935	-640.8269444	-636.953752	-634.2967938	-645.7101471	-637.000918	-637.0186964	-633.5715414	-637.3035581	-629.6461716	-634.25024
5-tb	tb	7	-600.32923	-8.57675	-8.1831	-617.08908	-625.83331	-620.4923766	-623.7376572	-626.4414456	-621.6824283	-622.5574501	-638.6328235	-634.6927601	-632.1390689	-643.4218855	-634.4684328	-634.5434907	-631.7221504	-635.1301424	-627.6631395	-631.9462995
5-dy	dy	7	-600.32923	-7.25458	-7.74407	-615.32788	-623.58343	-618.6670734	-622.49013	-624.1049579	-619.8827431	-620.6596477	-636.7219392	-632.52342	-630.2673589	-641.5219614	-632.2682927	-632.448578	-630.1348895	-633.2522981	-625.9798141	-630.2241477
5-ho	ho	7	-600.32923	-6.05906	-7.47479	-613.86308	-622.41377	-617.4263539	-620.5841602	-622.66289	-618.6055569	-619.3191867	-635.4707586	-631.4847378	-629.71808	-640.1857314	-630.8370744	-631.0746071	-629.0263124	-631.9884564	-624.8012125	-628.9957461
5-er	er	7	-600.32923	-5.17143	-6.87736	-612.37802	-620.06195	-615.6459376	-618.8363201	-620.3166261	-616.5494	-617.5611715	-633.6286755	-629.7734988	-627.2357057	-638.5906	-628.6860511	-628.9670526	-627.6213455	-630.2348887	-623.2889654	-627.4574672
5-tm	tm	7	-600.32923	-4.35124	-6.79162	-611.47209	-620.00659	-615.1330267	-618.2670358	-619.7162649	-616.4020549	-616.9584911	-633.1760686	-629.168749	-626.7809413	-637.8316523	-628.02267	-628.4615685	-627.1416471	-629.7384286	-622.7740982	-626.8948352
5-yb	yb	7	-600.32923	-0.03756	-6.46181	-606.8286	-615.27537	-610.7861924	-613.8877289	-614.2515052	-611.8926494	-612.3763548	-628.7635048	-624.5369776	-622.4432292	-633.2391945	-623.2102199	-625.00707	-623.0352875	-625.2050408	-618.5112612	-622.5183178
5-lu	lu	7	-600.32923	-0.18616	-8.7551	-609.27049	-618.28854	-613.4406399	-616.6615049	-617.5339137	-613.995394	-615.0081478	-632.24789	-626.9082042	-625.0990278	-635.8346464	-626.5859665	-627.8822011	-625.00499	-627.5271704	-620.2903035	-624.4015946
